[{"size":"large","image_url":["http://dummyimage.com/500x500.png/5fa2dd/ffffff","https://dummyimage.com/500x500.png/dddddd/000000","https://www.researchgate.net/profile/Adrian-Rozanski/publication/258023546/figure/fig2/AS:297431607595010@1447924629213/A-digital-image-500-500-pixels-of-the-reconstructed-2D-realization.png"]},
{"size":"medium","image_url":["http://dummyimage.com/500x500.png/ff4444/ffffff","https://www.researchgate.net/publication/258023546/figure/fig2/AS:297431607595010@1447924629213/A-digital-image-500-500-pixels-of-the-reconstructed-2D-realization.png"]},
{"size":"medium","image_url":["http://dummyimage.com/500x500.png/dddddd/000000","https://www.researchgate.net/publication/258023546/figure/fig2/AS:297431607595010@1447924629213/A-digital-image-500-500-pixels-of-the-reconstructed-2D-realization.png"]},
{"size":"medium","image_url":["http://dummyimage.com/500x500.png/ff4444/ffffff","https://www.researchgate.net/publication/258023546/figure/fig2/AS:297431607595010@1447924629213/A-digital-image-500-500-pixels-of-the-reconstructed-2D-realization.png"]},
{"size":"medium","image_url":["http://dummyimage.com/500x500.png/ff4444/ffffff","https://www.researchgate.net/publication/258023546/figure/fig2/AS:297431607595010@1447924629213/A-digital-image-500-500-pixels-of-the-reconstructed-2D-realization.png"]},
{"size":"large","image_url":["http://dummyimage.com/500x500.png/cc0000/ffffff","https://www.researchgate.net/publication/258023546/figure/fig2/AS:297431607595010@1447924629213/A-digital-image-500-500-pixels-of-the-reconstructed-2D-realization.png"]},
{"size":"medium","image_url":["http://dummyimage.com/500x500.png/ff4444/ffffff","https://www.researchgate.net/publication/258023546/figure/fig2/AS:297431607595010@1447924629213/A-digital-image-500-500-pixels-of-the-reconstructed-2D-realization.png"]},
{"size":"medium","image_url":["http://dummyimage.com/500x500.png/5fa2dd/ffffff","https://www.researchgate.net/publication/258023546/figure/fig2/AS:297431607595010@1447924629213/A-digital-image-500-500-pixels-of-the-reconstructed-2D-realization.png"]},
{"size":"medium","image_url":["http://dummyimage.com/500x500.png/dddddd/000000","https://www.researchgate.net/publication/258023546/figure/fig2/AS:297431607595010@1447924629213/A-digital-image-500-500-pixels-of-the-reconstructed-2D-realization.png"]},
{"size":"medium","image_url":["http://dummyimage.com/500x500.png/5fa2dd/ffffff","https://www.researchgate.net/publication/258023546/figure/fig2/AS:297431607595010@1447924629213/A-digital-image-500-500-pixels-of-the-reconstructed-2D-realization.png"]},
{"size":"large","image_url":["http://dummyimage.com/500x500.png/cc0000/ffffff","https://www.researchgate.net/publication/258023546/figure/fig2/AS:297431607595010@1447924629213/A-digital-image-500-500-pixels-of-the-reconstructed-2D-realization.png"]},
{"size":"medium","image_url":["http://dummyimage.com/500x500.png/5fa2dd/ffffff","https://www.researchgate.net/publication/258023546/figure/fig2/AS:297431607595010@1447924629213/A-digital-image-500-500-pixels-of-the-reconstructed-2D-realization.png"]},
{"size":"medium","image_url":["http://dummyimage.com/500x500.png/dddddd/000000","https://www.researchgate.net/publication/258023546/figure/fig2/AS:297431607595010@1447924629213/A-digital-image-500-500-pixels-of-the-reconstructed-2D-realization.png"]},
{"size":"medium","image_url":["http://dummyimage.com/500x500.png/ff4444/ffffff","https://www.researchgate.net/publication/258023546/figure/fig2/AS:297431607595010@1447924629213/A-digital-image-500-500-pixels-of-the-reconstructed-2D-realization.png"]},
{"size":"medium","image_url":["http://dummyimage.com/500x500.png/cc0000/ffffff","https://www.researchgate.net/publication/258023546/figure/fig2/AS:297431607595010@1447924629213/A-digital-image-500-500-pixels-of-the-reconstructed-2D-realization.png"]},
{"size":"large","image_url":["http://dummyimage.com/500x500.png/5fa2dd/ffffff","https://www.researchgate.net/publication/258023546/figure/fig2/AS:297431607595010@1447924629213/A-digital-image-500-500-pixels-of-the-reconstructed-2D-realization.png"]},
{"size":"medium","image_url":["http://dummyimage.com/500x500.png/5fa2dd/ffffff","https://www.researchgate.net/publication/258023546/figure/fig2/AS:297431607595010@1447924629213/A-digital-image-500-500-pixels-of-the-reconstructed-2D-realization.png"]},
{"size":"large","image_url":["http://dummyimage.com/500x500.png/5fa2dd/ffffff","https://www.researchgate.net/publication/258023546/figure/fig2/AS:297431607595010@1447924629213/A-digital-image-500-500-pixels-of-the-reconstructed-2D-realization.png"]},
{"size":"medium","image_url":["http://dummyimage.com/500x500.png/5fa2dd/ffffff","https://www.researchgate.net/publication/258023546/figure/fig2/AS:297431607595010@1447924629213/A-digital-image-500-500-pixels-of-the-reconstructed-2D-realization.png"]},
{"size":"large","image_url":["http://dummyimage.com/500x500.png/cc0000/ffffff","https://www.researchgate.net/publication/258023546/figure/fig2/AS:297431607595010@1447924629213/A-digital-image-500-500-pixels-of-the-reconstructed-2D-realization.png"]}]